,id,login,url
0,23983,sasinha,https://api.intra.42.fr/v2/users/sasinha
1,23982,she,https://api.intra.42.fr/v2/users/she
2,23981,wliang,https://api.intra.42.fr/v2/users/wliang
3,23980,ssinha,https://api.intra.42.fr/v2/users/ssinha
4,23979,wmisiedj,https://api.intra.42.fr/v2/users/wmisiedj
5,23978,nmartine,https://api.intra.42.fr/v2/users/nmartine
6,23977,ahill,https://api.intra.42.fr/v2/users/ahill
7,23976,fbello,https://api.intra.42.fr/v2/users/fbello
8,23975,seljurf,https://api.intra.42.fr/v2/users/seljurf
9,23974,gtang,https://api.intra.42.fr/v2/users/gtang
10,23973,amoronez,https://api.intra.42.fr/v2/users/amoronez
11,23972,ksalaver,https://api.intra.42.fr/v2/users/ksalaver
12,23971,mneal,https://api.intra.42.fr/v2/users/mneal
13,23970,tmahleza,https://api.intra.42.fr/v2/users/tmahleza
14,23969,jelee,https://api.intra.42.fr/v2/users/jelee
15,23968,ichen,https://api.intra.42.fr/v2/users/ichen
16,23967,pdas,https://api.intra.42.fr/v2/users/pdas
17,23966,dglaser,https://api.intra.42.fr/v2/users/dglaser
18,23965,dma,https://api.intra.42.fr/v2/users/dma
19,23964,cchoi,https://api.intra.42.fr/v2/users/cchoi
20,23963,jchong,https://api.intra.42.fr/v2/users/jchong
21,23962,kkao,https://api.intra.42.fr/v2/users/kkao
22,23961,jbrennec,https://api.intra.42.fr/v2/users/jbrennec
23,23960,ccardoso,https://api.intra.42.fr/v2/users/ccardoso
24,23959,jsuarez,https://api.intra.42.fr/v2/users/jsuarez
25,23958,latran,https://api.intra.42.fr/v2/users/latran
26,23905,dleong,https://api.intra.42.fr/v2/users/dleong
27,23903,dayupova,https://api.intra.42.fr/v2/users/dayupova
28,23902,rsula,https://api.intra.42.fr/v2/users/rsula
29,23901,ldury,https://api.intra.42.fr/v2/users/ldury
30,23890,blewis,https://api.intra.42.fr/v2/users/blewis
31,23889,lliupeke,https://api.intra.42.fr/v2/users/lliupeke
32,23888,gcruz,https://api.intra.42.fr/v2/users/gcruz
33,23887,fde-alen,https://api.intra.42.fr/v2/users/fde-alen
34,23867,silya,https://api.intra.42.fr/v2/users/silya
35,23866,pramirez,https://api.intra.42.fr/v2/users/pramirez
36,23865,dmontoya,https://api.intra.42.fr/v2/users/dmontoya
37,23864,aanelli,https://api.intra.42.fr/v2/users/aanelli
38,23863,ddobryni,https://api.intra.42.fr/v2/users/ddobryni
39,23862,mborlak,https://api.intra.42.fr/v2/users/mborlak
40,23861,eyak,https://api.intra.42.fr/v2/users/eyak
41,23860,emendiet,https://api.intra.42.fr/v2/users/emendiet
42,23859,jescobed,https://api.intra.42.fr/v2/users/jescobed
43,23858,ysun,https://api.intra.42.fr/v2/users/ysun
44,23857,klim,https://api.intra.42.fr/v2/users/klim
45,23856,ttathiel,https://api.intra.42.fr/v2/users/ttathiel
46,23855,klandeck,https://api.intra.42.fr/v2/users/klandeck
47,23854,hmott,https://api.intra.42.fr/v2/users/hmott
48,23853,jmei,https://api.intra.42.fr/v2/users/jmei
49,23852,lbui-mai,https://api.intra.42.fr/v2/users/lbui-mai
50,23851,anikolos,https://api.intra.42.fr/v2/users/anikolos
51,23850,lbeserra,https://api.intra.42.fr/v2/users/lbeserra
52,23849,mbettert,https://api.intra.42.fr/v2/users/mbettert
53,23848,nmendoza,https://api.intra.42.fr/v2/users/nmendoza
54,23847,bjones,https://api.intra.42.fr/v2/users/bjones
55,23846,ajakcson,https://api.intra.42.fr/v2/users/ajakcson
56,23845,kkang,https://api.intra.42.fr/v2/users/kkang
57,23844,aderby,https://api.intra.42.fr/v2/users/aderby
58,23818,lcombs,https://api.intra.42.fr/v2/users/lcombs
59,23817,mipaju,https://api.intra.42.fr/v2/users/mipaju
60,23689,thkim,https://api.intra.42.fr/v2/users/thkim
61,23688,cford,https://api.intra.42.fr/v2/users/cford
62,23647,seulee,https://api.intra.42.fr/v2/users/seulee
63,23640,rvinnako,https://api.intra.42.fr/v2/users/rvinnako
64,23639,afan,https://api.intra.42.fr/v2/users/afan
65,23638,lyoung,https://api.intra.42.fr/v2/users/lyoung
66,23637,hkao,https://api.intra.42.fr/v2/users/hkao
67,23635,fkao,https://api.intra.42.fr/v2/users/fkao
68,23634,jchavez,https://api.intra.42.fr/v2/users/jchavez
69,23633,jatran,https://api.intra.42.fr/v2/users/jatran
70,23630,alnguyen,https://api.intra.42.fr/v2/users/alnguyen
71,23629,gguiulfo,https://api.intra.42.fr/v2/users/gguiulfo
72,23628,jlozano,https://api.intra.42.fr/v2/users/jlozano
73,23626,drosa-ta,https://api.intra.42.fr/v2/users/drosa-ta
74,23625,pk-c,https://api.intra.42.fr/v2/users/pk-c
75,23624,mrasoana,https://api.intra.42.fr/v2/users/mrasoana
76,23623,nmoiseye,https://api.intra.42.fr/v2/users/nmoiseye
77,23622,agaglian,https://api.intra.42.fr/v2/users/agaglian
78,23621,bmally,https://api.intra.42.fr/v2/users/bmally
79,23620,mzinovsk,https://api.intra.42.fr/v2/users/mzinovsk
80,23619,akoller,https://api.intra.42.fr/v2/users/akoller
81,23618,mnunnari,https://api.intra.42.fr/v2/users/mnunnari
82,23617,rprovost,https://api.intra.42.fr/v2/users/rprovost
83,23615,lcastill,https://api.intra.42.fr/v2/users/lcastill
84,23614,kmiller,https://api.intra.42.fr/v2/users/kmiller
85,23613,sbottorf,https://api.intra.42.fr/v2/users/sbottorf
86,23612,sshim,https://api.intra.42.fr/v2/users/sshim
87,23611,jsilverm,https://api.intra.42.fr/v2/users/jsilverm
88,23610,yleow,https://api.intra.42.fr/v2/users/yleow
89,23609,rglatzel,https://api.intra.42.fr/v2/users/rglatzel
90,23608,jmcdonal,https://api.intra.42.fr/v2/users/jmcdonal
91,23607,mabramow,https://api.intra.42.fr/v2/users/mabramow
92,23606,jfrencia,https://api.intra.42.fr/v2/users/jfrencia
93,23605,mvon-lut,https://api.intra.42.fr/v2/users/mvon-lut
94,23604,mcheon,https://api.intra.42.fr/v2/users/mcheon
95,23603,ssaab,https://api.intra.42.fr/v2/users/ssaab
96,23602,suchen,https://api.intra.42.fr/v2/users/suchen
97,23601,ychebyki,https://api.intra.42.fr/v2/users/ychebyki
98,23600,lvan-bur,https://api.intra.42.fr/v2/users/lvan-bur
99,23599,kxasas,https://api.intra.42.fr/v2/users/kxasas
100,23598,evanheum,https://api.intra.42.fr/v2/users/evanheum
101,23597,mvora,https://api.intra.42.fr/v2/users/mvora
102,23596,ccontrer,https://api.intra.42.fr/v2/users/ccontrer
103,23595,choover,https://api.intra.42.fr/v2/users/choover
104,23594,mresende,https://api.intra.42.fr/v2/users/mresende
105,23593,echung,https://api.intra.42.fr/v2/users/echung
106,23592,ycao,https://api.intra.42.fr/v2/users/ycao
107,23591,etregoni,https://api.intra.42.fr/v2/users/etregoni
108,23590,akhramut,https://api.intra.42.fr/v2/users/akhramut
109,23589,gderenzi,https://api.intra.42.fr/v2/users/gderenzi
110,23588,mhasting,https://api.intra.42.fr/v2/users/mhasting
111,23587,cwartell,https://api.intra.42.fr/v2/users/cwartell
112,23586,helliott,https://api.intra.42.fr/v2/users/helliott
113,23585,imelvill,https://api.intra.42.fr/v2/users/imelvill
114,23584,hasingh,https://api.intra.42.fr/v2/users/hasingh
115,23583,ggladkov,https://api.intra.42.fr/v2/users/ggladkov
116,23582,mliou,https://api.intra.42.fr/v2/users/mliou
117,23581,lcasarol,https://api.intra.42.fr/v2/users/lcasarol
118,23580,hjang,https://api.intra.42.fr/v2/users/hjang
119,23579,rpatel,https://api.intra.42.fr/v2/users/rpatel
120,23578,sbeliy,https://api.intra.42.fr/v2/users/sbeliy
121,23577,ekarim,https://api.intra.42.fr/v2/users/ekarim
122,23576,bmontoya,https://api.intra.42.fr/v2/users/bmontoya
123,23575,ymeng,https://api.intra.42.fr/v2/users/ymeng
124,23574,cterrill,https://api.intra.42.fr/v2/users/cterrill
125,23573,jcho,https://api.intra.42.fr/v2/users/jcho
126,23572,oabdalha,https://api.intra.42.fr/v2/users/oabdalha
127,23571,san,https://api.intra.42.fr/v2/users/san
128,23570,esterna,https://api.intra.42.fr/v2/users/esterna
129,23569,mxiong,https://api.intra.42.fr/v2/users/mxiong
130,23568,mgill,https://api.intra.42.fr/v2/users/mgill
131,23567,yhussain,https://api.intra.42.fr/v2/users/yhussain
132,23566,iceja,https://api.intra.42.fr/v2/users/iceja
133,23565,erintala,https://api.intra.42.fr/v2/users/erintala
134,23564,jcossack,https://api.intra.42.fr/v2/users/jcossack
135,23563,eramirez,https://api.intra.42.fr/v2/users/eramirez
136,23562,jgentry,https://api.intra.42.fr/v2/users/jgentry
137,23561,sosinusi,https://api.intra.42.fr/v2/users/sosinusi
138,23560,mhoyt,https://api.intra.42.fr/v2/users/mhoyt
139,23559,rruiz,https://api.intra.42.fr/v2/users/rruiz
140,23558,jmyung,https://api.intra.42.fr/v2/users/jmyung
141,23557,damartin,https://api.intra.42.fr/v2/users/damartin
142,23556,jrodrigu,https://api.intra.42.fr/v2/users/jrodrigu
143,23555,amagalla,https://api.intra.42.fr/v2/users/amagalla
144,23554,nmotto,https://api.intra.42.fr/v2/users/nmotto
145,23553,ckanoa,https://api.intra.42.fr/v2/users/ckanoa
146,23552,hsingh,https://api.intra.42.fr/v2/users/hsingh
147,23551,awang,https://api.intra.42.fr/v2/users/awang
148,23550,jelucas,https://api.intra.42.fr/v2/users/jelucas
149,23549,jprior,https://api.intra.42.fr/v2/users/jprior
150,23548,wcropper,https://api.intra.42.fr/v2/users/wcropper
151,23547,ysakakib,https://api.intra.42.fr/v2/users/ysakakib
152,23546,cfriesen,https://api.intra.42.fr/v2/users/cfriesen
153,23545,gparra-m,https://api.intra.42.fr/v2/users/gparra-m
154,23543,jkalia,https://api.intra.42.fr/v2/users/jkalia
155,23542,jyuan,https://api.intra.42.fr/v2/users/jyuan
156,23541,jichen,https://api.intra.42.fr/v2/users/jichen
157,23540,gmedvets,https://api.intra.42.fr/v2/users/gmedvets
158,23539,nngan,https://api.intra.42.fr/v2/users/nngan
159,23538,elopez,https://api.intra.42.fr/v2/users/elopez
160,23537,cweather,https://api.intra.42.fr/v2/users/cweather
161,23536,slavor,https://api.intra.42.fr/v2/users/slavor
162,23535,sbat,https://api.intra.42.fr/v2/users/sbat
163,23534,mroni,https://api.intra.42.fr/v2/users/mroni
164,23533,hfargon,https://api.intra.42.fr/v2/users/hfargon
165,23532,enunes,https://api.intra.42.fr/v2/users/enunes
166,23531,gaguirre,https://api.intra.42.fr/v2/users/gaguirre
167,23530,doh,https://api.intra.42.fr/v2/users/doh
168,23529,snorth,https://api.intra.42.fr/v2/users/snorth
169,23528,zchen,https://api.intra.42.fr/v2/users/zchen
170,23527,tilan,https://api.intra.42.fr/v2/users/tilan
171,23526,kkim,https://api.intra.42.fr/v2/users/kkim
172,23524,jguleski,https://api.intra.42.fr/v2/users/jguleski
173,23523,jtorino,https://api.intra.42.fr/v2/users/jtorino
174,23522,wku,https://api.intra.42.fr/v2/users/wku
175,23521,anovikov,https://api.intra.42.fr/v2/users/anovikov
176,23520,dgerard,https://api.intra.42.fr/v2/users/dgerard
177,23519,iyip,https://api.intra.42.fr/v2/users/iyip
178,23518,ilenkov,https://api.intra.42.fr/v2/users/ilenkov
179,23517,xbai,https://api.intra.42.fr/v2/users/xbai
180,23516,mlau,https://api.intra.42.fr/v2/users/mlau
181,23515,ijoy,https://api.intra.42.fr/v2/users/ijoy
182,23514,rfleming,https://api.intra.42.fr/v2/users/rfleming
183,23513,tlee,https://api.intra.42.fr/v2/users/tlee
184,23512,tzior,https://api.intra.42.fr/v2/users/tzior
185,23511,jwilson,https://api.intra.42.fr/v2/users/jwilson
186,23510,alagana,https://api.intra.42.fr/v2/users/alagana
187,23509,yzhu,https://api.intra.42.fr/v2/users/yzhu
188,23508,lkaba,https://api.intra.42.fr/v2/users/lkaba
189,23507,eserebry,https://api.intra.42.fr/v2/users/eserebry
190,23506,tlam,https://api.intra.42.fr/v2/users/tlam
191,23505,aamaya,https://api.intra.42.fr/v2/users/aamaya
192,23504,scollet,https://api.intra.42.fr/v2/users/scollet
193,23503,dpollock,https://api.intra.42.fr/v2/users/dpollock
194,23502,ashulha,https://api.intra.42.fr/v2/users/ashulha
195,23501,akiselev,https://api.intra.42.fr/v2/users/akiselev
196,23500,atang,https://api.intra.42.fr/v2/users/atang
197,23499,thole,https://api.intra.42.fr/v2/users/thole
198,23498,chchen,https://api.intra.42.fr/v2/users/chchen
199,23497,thele,https://api.intra.42.fr/v2/users/thele
200,23496,ssaravan,https://api.intra.42.fr/v2/users/ssaravan
201,23495,darchule,https://api.intra.42.fr/v2/users/darchule
202,23494,mewang,https://api.intra.42.fr/v2/users/mewang
203,23493,aakin-al,https://api.intra.42.fr/v2/users/aakin-al
204,23492,jroth,https://api.intra.42.fr/v2/users/jroth
205,23491,mschumac,https://api.intra.42.fr/v2/users/mschumac
206,23490,kpatel,https://api.intra.42.fr/v2/users/kpatel
207,23488,jle-quel,https://api.intra.42.fr/v2/users/jle-quel
208,23487,jlim,https://api.intra.42.fr/v2/users/jlim
209,23486,wtucker,https://api.intra.42.fr/v2/users/wtucker
210,23485,iwagner,https://api.intra.42.fr/v2/users/iwagner
211,23484,azinnatu,https://api.intra.42.fr/v2/users/azinnatu
212,23483,cjordan,https://api.intra.42.fr/v2/users/cjordan
213,23482,eromero,https://api.intra.42.fr/v2/users/eromero
214,23481,kchhabra,https://api.intra.42.fr/v2/users/kchhabra
215,23480,cjeong,https://api.intra.42.fr/v2/users/cjeong
216,23479,yjia,https://api.intra.42.fr/v2/users/yjia
217,23475,ymiao,https://api.intra.42.fr/v2/users/ymiao
218,23473,sbogar,https://api.intra.42.fr/v2/users/sbogar
219,23472,blee,https://api.intra.42.fr/v2/users/blee
220,23469,jbadillo,https://api.intra.42.fr/v2/users/jbadillo
221,23430,jcoy,https://api.intra.42.fr/v2/users/jcoy
222,23421,hpaxson,https://api.intra.42.fr/v2/users/hpaxson
223,23420,agad,https://api.intra.42.fr/v2/users/agad
224,23419,edward,https://api.intra.42.fr/v2/users/edward
225,23367,gkottmei,https://api.intra.42.fr/v2/users/gkottmei
226,23352,paul,https://api.intra.42.fr/v2/users/paul
227,23349,datorres,https://api.intra.42.fr/v2/users/datorres
228,23347,auswart,https://api.intra.42.fr/v2/users/auswart
229,23342,tom,https://api.intra.42.fr/v2/users/tom
230,23339,dzvekic,https://api.intra.42.fr/v2/users/dzvekic
231,23338,monishch,https://api.intra.42.fr/v2/users/monishch
232,23337,ndeluna,https://api.intra.42.fr/v2/users/ndeluna
233,23301,patrick,https://api.intra.42.fr/v2/users/patrick
234,23274,security,https://api.intra.42.fr/v2/users/security
235,23273,jlameyer,https://api.intra.42.fr/v2/users/jlameyer
236,23271,berdeneb,https://api.intra.42.fr/v2/users/berdeneb
237,23270,dnguy,https://api.intra.42.fr/v2/users/dnguy
238,23269,ofitch,https://api.intra.42.fr/v2/users/ofitch
239,23268,ewilliam,https://api.intra.42.fr/v2/users/ewilliam
240,23267,araanes,https://api.intra.42.fr/v2/users/araanes
241,23266,mzehr,https://api.intra.42.fr/v2/users/mzehr
242,23265,bburnley,https://api.intra.42.fr/v2/users/bburnley
243,23264,lpark,https://api.intra.42.fr/v2/users/lpark
244,23055,pjackson,https://api.intra.42.fr/v2/users/pjackson
245,23054,ashevtso,https://api.intra.42.fr/v2/users/ashevtso
246,23053,kfaghani,https://api.intra.42.fr/v2/users/kfaghani
247,23052,asarandi,https://api.intra.42.fr/v2/users/asarandi
248,23051,hmontes,https://api.intra.42.fr/v2/users/hmontes
249,23050,csnyder,https://api.intra.42.fr/v2/users/csnyder
250,23049,bfernand,https://api.intra.42.fr/v2/users/bfernand
251,23048,hhow,https://api.intra.42.fr/v2/users/hhow
252,23047,bpezeshk,https://api.intra.42.fr/v2/users/bpezeshk
253,23046,skulshre,https://api.intra.42.fr/v2/users/skulshre
254,23045,sschuste,https://api.intra.42.fr/v2/users/sschuste
255,23044,jyang,https://api.intra.42.fr/v2/users/jyang
256,23043,lnoroian,https://api.intra.42.fr/v2/users/lnoroian
257,23042,minkim,https://api.intra.42.fr/v2/users/minkim
258,23041,vmakarov,https://api.intra.42.fr/v2/users/vmakarov
259,23040,snoh,https://api.intra.42.fr/v2/users/snoh
260,23039,dnavarro,https://api.intra.42.fr/v2/users/dnavarro
261,23038,mivanoch,https://api.intra.42.fr/v2/users/mivanoch
262,23037,biremong,https://api.intra.42.fr/v2/users/biremong
263,23036,jkasper,https://api.intra.42.fr/v2/users/jkasper
264,23035,mikim,https://api.intra.42.fr/v2/users/mikim
265,23034,vjain,https://api.intra.42.fr/v2/users/vjain
266,23033,imoran,https://api.intra.42.fr/v2/users/imoran
267,23032,mevans,https://api.intra.42.fr/v2/users/mevans
268,23031,sgodfrey,https://api.intra.42.fr/v2/users/sgodfrey
269,23030,arymer,https://api.intra.42.fr/v2/users/arymer
270,23029,cgreen,https://api.intra.42.fr/v2/users/cgreen
271,23028,rvignero,https://api.intra.42.fr/v2/users/rvignero
272,23027,alavalle,https://api.intra.42.fr/v2/users/alavalle
273,23026,echeever,https://api.intra.42.fr/v2/users/echeever
274,23025,akostrik,https://api.intra.42.fr/v2/users/akostrik
275,23024,elim,https://api.intra.42.fr/v2/users/elim
276,23023,mguaquet,https://api.intra.42.fr/v2/users/mguaquet
277,23022,mcutchem,https://api.intra.42.fr/v2/users/mcutchem
278,23021,ccates,https://api.intra.42.fr/v2/users/ccates
279,23020,falarcon,https://api.intra.42.fr/v2/users/falarcon
280,23019,nkyirong,https://api.intra.42.fr/v2/users/nkyirong
281,23018,selee,https://api.intra.42.fr/v2/users/selee
282,23017,mkim,https://api.intra.42.fr/v2/users/mkim
283,23016,sgalakti,https://api.intra.42.fr/v2/users/sgalakti
284,23015,dcheng,https://api.intra.42.fr/v2/users/dcheng
285,23014,marahimi,https://api.intra.42.fr/v2/users/marahimi
286,23013,ayusubov,https://api.intra.42.fr/v2/users/ayusubov
287,23012,azimina,https://api.intra.42.fr/v2/users/azimina
288,23011,aagpaoa,https://api.intra.42.fr/v2/users/aagpaoa
289,23010,wwalker,https://api.intra.42.fr/v2/users/wwalker
290,23009,gnoh,https://api.intra.42.fr/v2/users/gnoh
291,23008,lfaerman,https://api.intra.42.fr/v2/users/lfaerman
292,23007,jng,https://api.intra.42.fr/v2/users/jng
293,23006,igorinci,https://api.intra.42.fr/v2/users/igorinci
294,23005,dtorres,https://api.intra.42.fr/v2/users/dtorres
295,23004,eupopa,https://api.intra.42.fr/v2/users/eupopa
296,23003,ksmith,https://api.intra.42.fr/v2/users/ksmith
297,23002,amedina,https://api.intra.42.fr/v2/users/amedina
298,23001,ggaussen,https://api.intra.42.fr/v2/users/ggaussen
299,23000,jsan-mig,https://api.intra.42.fr/v2/users/jsan-mig
300,22999,jon,https://api.intra.42.fr/v2/users/jon
301,22998,sleung,https://api.intra.42.fr/v2/users/sleung
302,22997,abguimba,https://api.intra.42.fr/v2/users/abguimba
303,22996,yhsu,https://api.intra.42.fr/v2/users/yhsu
304,22995,hmatting,https://api.intra.42.fr/v2/users/hmatting
305,22994,ivalenti,https://api.intra.42.fr/v2/users/ivalenti
306,22993,wliu,https://api.intra.42.fr/v2/users/wliu
307,22992,skedia,https://api.intra.42.fr/v2/users/skedia
308,22991,dsimmons,https://api.intra.42.fr/v2/users/dsimmons
309,22990,twhite,https://api.intra.42.fr/v2/users/twhite
310,22989,yli,https://api.intra.42.fr/v2/users/yli
311,22988,jeftekha,https://api.intra.42.fr/v2/users/jeftekha
312,22987,sescolas,https://api.intra.42.fr/v2/users/sescolas
313,22986,milia,https://api.intra.42.fr/v2/users/milia
314,22985,xcruz,https://api.intra.42.fr/v2/users/xcruz
315,22984,mburson,https://api.intra.42.fr/v2/users/mburson
316,22983,kmaitski,https://api.intra.42.fr/v2/users/kmaitski
317,22982,sbalcort,https://api.intra.42.fr/v2/users/sbalcort
318,22981,omelende,https://api.intra.42.fr/v2/users/omelende
319,22980,vlewis,https://api.intra.42.fr/v2/users/vlewis
320,22979,kmoran,https://api.intra.42.fr/v2/users/kmoran
321,22978,kmurray,https://api.intra.42.fr/v2/users/kmurray
322,22977,tprak,https://api.intra.42.fr/v2/users/tprak
323,22976,nmaisaik,https://api.intra.42.fr/v2/users/nmaisaik
324,22975,rle,https://api.intra.42.fr/v2/users/rle
325,22974,skazak,https://api.intra.42.fr/v2/users/skazak
326,22972,dcastro-,https://api.intra.42.fr/v2/users/dcastro-
327,22971,mrahimi,https://api.intra.42.fr/v2/users/mrahimi
328,22970,adaly,https://api.intra.42.fr/v2/users/adaly
329,22969,yuchen,https://api.intra.42.fr/v2/users/yuchen
330,22968,csk-c,https://api.intra.42.fr/v2/users/csk-c
331,22967,dlemp,https://api.intra.42.fr/v2/users/dlemp
332,22966,mgould,https://api.intra.42.fr/v2/users/mgould
333,22965,ktautuaa,https://api.intra.42.fr/v2/users/ktautuaa
334,22964,khanson,https://api.intra.42.fr/v2/users/khanson
335,22963,eurodrig,https://api.intra.42.fr/v2/users/eurodrig
336,22962,nlanza,https://api.intra.42.fr/v2/users/nlanza
337,22961,bmendoza,https://api.intra.42.fr/v2/users/bmendoza
338,22960,hcruz,https://api.intra.42.fr/v2/users/hcruz
339,22959,cfu,https://api.intra.42.fr/v2/users/cfu
340,22958,agundry,https://api.intra.42.fr/v2/users/agundry
341,22957,ssalaues,https://api.intra.42.fr/v2/users/ssalaues
342,22956,skohl,https://api.intra.42.fr/v2/users/skohl
343,22955,adosiak,https://api.intra.42.fr/v2/users/adosiak
344,22954,jbolden,https://api.intra.42.fr/v2/users/jbolden
345,22953,klongric,https://api.intra.42.fr/v2/users/klongric
346,22952,mkok,https://api.intra.42.fr/v2/users/mkok
347,22951,tbarker,https://api.intra.42.fr/v2/users/tbarker
348,22950,rlutt,https://api.intra.42.fr/v2/users/rlutt
349,22949,nkarram,https://api.intra.42.fr/v2/users/nkarram
350,22948,hwells,https://api.intra.42.fr/v2/users/hwells
351,22947,jelias,https://api.intra.42.fr/v2/users/jelias
352,22946,jaylor,https://api.intra.42.fr/v2/users/jaylor
353,22945,rheleno,https://api.intra.42.fr/v2/users/rheleno
354,22944,dhayes,https://api.intra.42.fr/v2/users/dhayes
355,22943,amironen,https://api.intra.42.fr/v2/users/amironen
356,22942,gschutte,https://api.intra.42.fr/v2/users/gschutte
357,22941,ismith,https://api.intra.42.fr/v2/users/ismith
358,22940,jevans,https://api.intra.42.fr/v2/users/jevans
359,22939,nkouris,https://api.intra.42.fr/v2/users/nkouris
360,22938,jinfeld,https://api.intra.42.fr/v2/users/jinfeld
361,22937,tochen,https://api.intra.42.fr/v2/users/tochen
362,22936,wgroves,https://api.intra.42.fr/v2/users/wgroves
363,22935,apertel,https://api.intra.42.fr/v2/users/apertel
364,22934,mmendoza,https://api.intra.42.fr/v2/users/mmendoza
365,22933,nhobbs,https://api.intra.42.fr/v2/users/nhobbs
366,22932,achan,https://api.intra.42.fr/v2/users/achan
367,22931,dkong,https://api.intra.42.fr/v2/users/dkong
368,22930,sijang,https://api.intra.42.fr/v2/users/sijang
369,22929,wnoh,https://api.intra.42.fr/v2/users/wnoh
370,22928,json,https://api.intra.42.fr/v2/users/json
371,22927,verokhin,https://api.intra.42.fr/v2/users/verokhin
372,22926,elazarev,https://api.intra.42.fr/v2/users/elazarev
373,22925,kromain,https://api.intra.42.fr/v2/users/kromain
374,22924,mroen,https://api.intra.42.fr/v2/users/mroen
375,22923,rschramm,https://api.intra.42.fr/v2/users/rschramm
376,22922,pmclaugh,https://api.intra.42.fr/v2/users/pmclaugh
377,22921,tzhou,https://api.intra.42.fr/v2/users/tzhou
378,22920,lbrentze,https://api.intra.42.fr/v2/users/lbrentze
379,22919,amao,https://api.intra.42.fr/v2/users/amao
380,22918,tkim,https://api.intra.42.fr/v2/users/tkim
381,22917,tjose,https://api.intra.42.fr/v2/users/tjose
382,22916,zmichels,https://api.intra.42.fr/v2/users/zmichels
383,22915,ebotnaru,https://api.intra.42.fr/v2/users/ebotnaru
384,22914,mchen,https://api.intra.42.fr/v2/users/mchen
385,22913,jyoussef,https://api.intra.42.fr/v2/users/jyoussef
386,22912,dgonchar,https://api.intra.42.fr/v2/users/dgonchar
387,22911,sbouhent,https://api.intra.42.fr/v2/users/sbouhent
388,22910,bmiller,https://api.intra.42.fr/v2/users/bmiller
389,22909,jwalz,https://api.intra.42.fr/v2/users/jwalz
390,22908,pluu,https://api.intra.42.fr/v2/users/pluu
391,22907,jjeong,https://api.intra.42.fr/v2/users/jjeong
392,22906,sacarbon,https://api.intra.42.fr/v2/users/sacarbon
393,22905,bchin,https://api.intra.42.fr/v2/users/bchin
394,22904,gespinoz,https://api.intra.42.fr/v2/users/gespinoz
395,22903,labbott,https://api.intra.42.fr/v2/users/labbott
396,22902,jachoi,https://api.intra.42.fr/v2/users/jachoi
397,22901,dli,https://api.intra.42.fr/v2/users/dli
398,22900,jthompso,https://api.intra.42.fr/v2/users/jthompso
399,22899,ekelen,https://api.intra.42.fr/v2/users/ekelen
400,22898,aabdrash,https://api.intra.42.fr/v2/users/aabdrash
401,22897,sgardner,https://api.intra.42.fr/v2/users/sgardner
402,22896,nbond,https://api.intra.42.fr/v2/users/nbond
403,22895,rdavila,https://api.intra.42.fr/v2/users/rdavila
404,22894,jtoy,https://api.intra.42.fr/v2/users/jtoy
405,22893,ckim,https://api.intra.42.fr/v2/users/ckim
406,22892,cvang,https://api.intra.42.fr/v2/users/cvang
407,22891,adangol,https://api.intra.42.fr/v2/users/adangol
408,22890,jortiz-,https://api.intra.42.fr/v2/users/jortiz-
409,22889,sopark,https://api.intra.42.fr/v2/users/sopark
410,22888,ihaythe,https://api.intra.42.fr/v2/users/ihaythe
411,22887,lborje,https://api.intra.42.fr/v2/users/lborje
412,22886,dcortes,https://api.intra.42.fr/v2/users/dcortes
413,22885,mputsala,https://api.intra.42.fr/v2/users/mputsala
414,22884,shmao,https://api.intra.42.fr/v2/users/shmao
415,22883,ashachar,https://api.intra.42.fr/v2/users/ashachar
416,22882,tsharma,https://api.intra.42.fr/v2/users/tsharma
417,22881,tahmedov,https://api.intra.42.fr/v2/users/tahmedov
418,22880,hlara,https://api.intra.42.fr/v2/users/hlara
419,22879,tbisi,https://api.intra.42.fr/v2/users/tbisi
420,22878,scombs,https://api.intra.42.fr/v2/users/scombs
421,22877,kwhitloc,https://api.intra.42.fr/v2/users/kwhitloc
422,22876,alcornea,https://api.intra.42.fr/v2/users/alcornea
423,22875,aswart,https://api.intra.42.fr/v2/users/aswart
424,22874,adamola,https://api.intra.42.fr/v2/users/adamola
425,22873,sjones,https://api.intra.42.fr/v2/users/sjones
426,22872,dliang,https://api.intra.42.fr/v2/users/dliang
427,22871,ssheth,https://api.intra.42.fr/v2/users/ssheth
428,22870,jyin,https://api.intra.42.fr/v2/users/jyin
429,22869,jharriso,https://api.intra.42.fr/v2/users/jharriso
430,22868,azdravko,https://api.intra.42.fr/v2/users/azdravko
431,21942,tuan,https://api.intra.42.fr/v2/users/tuan
432,21284,lguenie2,https://api.intra.42.fr/v2/users/lguenie2
433,21275,brittany,https://api.intra.42.fr/v2/users/brittany
434,21274,agulenko,https://api.intra.42.fr/v2/users/agulenko
435,21273,cewing,https://api.intra.42.fr/v2/users/cewing
436,21272,ehusby,https://api.intra.42.fr/v2/users/ehusby
437,21271,bbauer,https://api.intra.42.fr/v2/users/bbauer
438,21270,dcalin,https://api.intra.42.fr/v2/users/dcalin
439,21269,ewen,https://api.intra.42.fr/v2/users/ewen
440,21268,kmoghada,https://api.intra.42.fr/v2/users/kmoghada
441,21267,tpadilla,https://api.intra.42.fr/v2/users/tpadilla
442,21266,skanapar,https://api.intra.42.fr/v2/users/skanapar
443,21265,rgaddipa,https://api.intra.42.fr/v2/users/rgaddipa
444,21264,wlee,https://api.intra.42.fr/v2/users/wlee
445,21263,camaya,https://api.intra.42.fr/v2/users/camaya
446,21262,zravitz-,https://api.intra.42.fr/v2/users/zravitz-
447,21261,lepetit,https://api.intra.42.fr/v2/users/lepetit
448,21260,llima,https://api.intra.42.fr/v2/users/llima
449,21259,jhoffman,https://api.intra.42.fr/v2/users/jhoffman
450,21258,ccoble,https://api.intra.42.fr/v2/users/ccoble
451,21257,mwooden,https://api.intra.42.fr/v2/users/mwooden
452,21256,gyson,https://api.intra.42.fr/v2/users/gyson
453,21255,jgonzale,https://api.intra.42.fr/v2/users/jgonzale
454,21254,gsolis,https://api.intra.42.fr/v2/users/gsolis
455,21253,ggoulet,https://api.intra.42.fr/v2/users/ggoulet
456,21252,jpalacio,https://api.intra.42.fr/v2/users/jpalacio
457,21251,ofedorov,https://api.intra.42.fr/v2/users/ofedorov
458,21250,iacugnie,https://api.intra.42.fr/v2/users/iacugnie
459,21249,epinchon,https://api.intra.42.fr/v2/users/epinchon
460,21248,afadil,https://api.intra.42.fr/v2/users/afadil
461,21247,icuz,https://api.intra.42.fr/v2/users/icuz
462,21246,stati,https://api.intra.42.fr/v2/users/stati
463,21245,rviale,https://api.intra.42.fr/v2/users/rviale
464,21244,ingeno,https://api.intra.42.fr/v2/users/ingeno
465,21243,elobo,https://api.intra.42.fr/v2/users/elobo
466,21242,cjarrett,https://api.intra.42.fr/v2/users/cjarrett
467,21241,tchan,https://api.intra.42.fr/v2/users/tchan
468,21240,jalee,https://api.intra.42.fr/v2/users/jalee
469,21239,mpatters,https://api.intra.42.fr/v2/users/mpatters
470,21238,fmlangen,https://api.intra.42.fr/v2/users/fmlangen
471,21237,sdarsie,https://api.intra.42.fr/v2/users/sdarsie
472,21236,semail,https://api.intra.42.fr/v2/users/semail
473,21235,spwolfe,https://api.intra.42.fr/v2/users/spwolfe
474,21234,tzhao,https://api.intra.42.fr/v2/users/tzhao
475,21233,edal-san,https://api.intra.42.fr/v2/users/edal-san
476,21232,mhodapp,https://api.intra.42.fr/v2/users/mhodapp
477,21231,dpomerle,https://api.intra.42.fr/v2/users/dpomerle
478,21230,hsyed,https://api.intra.42.fr/v2/users/hsyed
479,21229,wzeng,https://api.intra.42.fr/v2/users/wzeng
480,21228,tstorck,https://api.intra.42.fr/v2/users/tstorck
481,21227,jkapiliv,https://api.intra.42.fr/v2/users/jkapiliv
482,21226,bpell,https://api.intra.42.fr/v2/users/bpell
483,21225,mallan,https://api.intra.42.fr/v2/users/mallan
484,21224,badamus,https://api.intra.42.fr/v2/users/badamus
485,21223,jochen,https://api.intra.42.fr/v2/users/jochen
486,21222,cbeale,https://api.intra.42.fr/v2/users/cbeale
487,21221,pbaldwin,https://api.intra.42.fr/v2/users/pbaldwin
488,21220,jrameau,https://api.intra.42.fr/v2/users/jrameau
489,21219,imurawsk,https://api.intra.42.fr/v2/users/imurawsk
490,21218,jcone,https://api.intra.42.fr/v2/users/jcone
491,21217,palatorr,https://api.intra.42.fr/v2/users/palatorr
492,21216,ecanezal,https://api.intra.42.fr/v2/users/ecanezal
493,21215,jlebacq,https://api.intra.42.fr/v2/users/jlebacq
494,21214,bubushae,https://api.intra.42.fr/v2/users/bubushae
495,21213,himran,https://api.intra.42.fr/v2/users/himran
496,21212,ycho,https://api.intra.42.fr/v2/users/ycho
497,21211,jima,https://api.intra.42.fr/v2/users/jima
498,21210,ssyed,https://api.intra.42.fr/v2/users/ssyed
499,21209,halapati,https://api.intra.42.fr/v2/users/halapati
500,21208,ivelutin,https://api.intra.42.fr/v2/users/ivelutin
501,21207,niminokh,https://api.intra.42.fr/v2/users/niminokh
502,21206,spiro,https://api.intra.42.fr/v2/users/spiro
503,21205,scarbonn,https://api.intra.42.fr/v2/users/scarbonn
504,21204,dyarboro,https://api.intra.42.fr/v2/users/dyarboro
505,21203,zhoenes,https://api.intra.42.fr/v2/users/zhoenes
506,21202,jwebb,https://api.intra.42.fr/v2/users/jwebb
507,21201,fli,https://api.intra.42.fr/v2/users/fli
508,21200,slogos,https://api.intra.42.fr/v2/users/slogos
509,21199,ryang,https://api.intra.42.fr/v2/users/ryang
510,21198,yvavdiyu,https://api.intra.42.fr/v2/users/yvavdiyu
511,21197,enarsimo,https://api.intra.42.fr/v2/users/enarsimo
512,21196,thnguyen,https://api.intra.42.fr/v2/users/thnguyen
513,21195,gbusoni-,https://api.intra.42.fr/v2/users/gbusoni-
514,21194,rslingsb,https://api.intra.42.fr/v2/users/rslingsb
515,21193,yolabi,https://api.intra.42.fr/v2/users/yolabi
516,21192,bblaser,https://api.intra.42.fr/v2/users/bblaser
517,21191,banghelu,https://api.intra.42.fr/v2/users/banghelu
518,21190,yting,https://api.intra.42.fr/v2/users/yting
519,21189,tyeung,https://api.intra.42.fr/v2/users/tyeung
520,21188,qma,https://api.intra.42.fr/v2/users/qma
521,21187,agraham,https://api.intra.42.fr/v2/users/agraham
522,21186,ssteinbe,https://api.intra.42.fr/v2/users/ssteinbe
523,21185,jcasino,https://api.intra.42.fr/v2/users/jcasino
524,21184,ychen,https://api.intra.42.fr/v2/users/ychen
525,21183,tmataruk,https://api.intra.42.fr/v2/users/tmataruk
526,21182,stiang,https://api.intra.42.fr/v2/users/stiang
527,21181,eseri-le,https://api.intra.42.fr/v2/users/eseri-le
528,21180,jlee,https://api.intra.42.fr/v2/users/jlee
529,21179,jcontrer,https://api.intra.42.fr/v2/users/jcontrer
530,21178,kperez,https://api.intra.42.fr/v2/users/kperez
531,21177,jklunk,https://api.intra.42.fr/v2/users/jklunk
532,21176,hpostman,https://api.intra.42.fr/v2/users/hpostman
533,21175,ekorley,https://api.intra.42.fr/v2/users/ekorley
534,21174,yzebrov,https://api.intra.42.fr/v2/users/yzebrov
535,21173,nbunn,https://api.intra.42.fr/v2/users/nbunn
536,21172,mgarrigu,https://api.intra.42.fr/v2/users/mgarrigu
537,21171,grajeshs,https://api.intra.42.fr/v2/users/grajeshs
538,21170,adorn,https://api.intra.42.fr/v2/users/adorn
539,21169,dzilli,https://api.intra.42.fr/v2/users/dzilli
540,21168,aariyapi,https://api.intra.42.fr/v2/users/aariyapi
541,21167,scatherm,https://api.intra.42.fr/v2/users/scatherm
542,21166,lluna,https://api.intra.42.fr/v2/users/lluna
543,21165,jcousins,https://api.intra.42.fr/v2/users/jcousins
544,21164,llam,https://api.intra.42.fr/v2/users/llam
545,21163,zhu,https://api.intra.42.fr/v2/users/zhu
546,21162,mali,https://api.intra.42.fr/v2/users/mali
547,21161,jpanduro,https://api.intra.42.fr/v2/users/jpanduro
548,21160,jjones,https://api.intra.42.fr/v2/users/jjones
549,21159,kkostaki,https://api.intra.42.fr/v2/users/kkostaki
550,21158,dabedini,https://api.intra.42.fr/v2/users/dabedini
551,21157,zabdulha,https://api.intra.42.fr/v2/users/zabdulha
552,21156,jemartin,https://api.intra.42.fr/v2/users/jemartin
553,21155,llin,https://api.intra.42.fr/v2/users/llin
554,21154,ttaggard,https://api.intra.42.fr/v2/users/ttaggard
555,21153,lbogar,https://api.intra.42.fr/v2/users/lbogar
556,21152,lcao,https://api.intra.42.fr/v2/users/lcao
557,21151,adove,https://api.intra.42.fr/v2/users/adove
558,21150,bnolen,https://api.intra.42.fr/v2/users/bnolen
559,21149,wbaez,https://api.intra.42.fr/v2/users/wbaez
560,21148,wchoi,https://api.intra.42.fr/v2/users/wchoi
561,21147,ncaron,https://api.intra.42.fr/v2/users/ncaron
562,21146,mmanriqu,https://api.intra.42.fr/v2/users/mmanriqu
563,21145,cherriag,https://api.intra.42.fr/v2/users/cherriag
564,21144,mwebb,https://api.intra.42.fr/v2/users/mwebb
565,21143,jpiva,https://api.intra.42.fr/v2/users/jpiva
566,21142,cfowler,https://api.intra.42.fr/v2/users/cfowler
567,21141,fgaudet,https://api.intra.42.fr/v2/users/fgaudet
568,21140,nbrazeau,https://api.intra.42.fr/v2/users/nbrazeau
569,21139,echoi,https://api.intra.42.fr/v2/users/echoi
570,21138,aphan,https://api.intra.42.fr/v2/users/aphan
571,21137,cmccain,https://api.intra.42.fr/v2/users/cmccain
572,21136,tsurdu,https://api.intra.42.fr/v2/users/tsurdu
573,21135,gprevela,https://api.intra.42.fr/v2/users/gprevela
574,21134,thendric,https://api.intra.42.fr/v2/users/thendric
575,21133,tpan,https://api.intra.42.fr/v2/users/tpan
576,21132,tmckinno,https://api.intra.42.fr/v2/users/tmckinno
577,21131,czhu,https://api.intra.42.fr/v2/users/czhu
578,21130,cstuart,https://api.intra.42.fr/v2/users/cstuart
579,21129,myoung,https://api.intra.42.fr/v2/users/myoung
580,21128,xzuo,https://api.intra.42.fr/v2/users/xzuo
581,21127,hmikaely,https://api.intra.42.fr/v2/users/hmikaely
582,21126,rcueva,https://api.intra.42.fr/v2/users/rcueva
583,21125,njauck,https://api.intra.42.fr/v2/users/njauck
584,21124,ktsai,https://api.intra.42.fr/v2/users/ktsai
585,21123,mwilliam,https://api.intra.42.fr/v2/users/mwilliam
586,21122,jkertgat,https://api.intra.42.fr/v2/users/jkertgat
587,21121,nnam-bin,https://api.intra.42.fr/v2/users/nnam-bin
588,21120,hehuang,https://api.intra.42.fr/v2/users/hehuang
589,21119,dgillett,https://api.intra.42.fr/v2/users/dgillett
590,21118,apandey,https://api.intra.42.fr/v2/users/apandey
591,21117,ababkou,https://api.intra.42.fr/v2/users/ababkou
592,21116,mfilipch,https://api.intra.42.fr/v2/users/mfilipch
593,21115,cricardo,https://api.intra.42.fr/v2/users/cricardo
594,21114,hzhao,https://api.intra.42.fr/v2/users/hzhao
595,21113,spark,https://api.intra.42.fr/v2/users/spark
596,21112,bmerrill,https://api.intra.42.fr/v2/users/bmerrill
597,21111,yooi,https://api.intra.42.fr/v2/users/yooi
598,21110,mukarimo,https://api.intra.42.fr/v2/users/mukarimo
599,21109,apineda,https://api.intra.42.fr/v2/users/apineda
600,21108,jpfeffer,https://api.intra.42.fr/v2/users/jpfeffer
601,21107,gcortina,https://api.intra.42.fr/v2/users/gcortina
602,21106,pmakhija,https://api.intra.42.fr/v2/users/pmakhija
603,21105,nmason,https://api.intra.42.fr/v2/users/nmason
604,21104,bgilliam,https://api.intra.42.fr/v2/users/bgilliam
605,21103,qcheng,https://api.intra.42.fr/v2/users/qcheng
606,21102,jargote,https://api.intra.42.fr/v2/users/jargote
607,21101,faros,https://api.intra.42.fr/v2/users/faros
608,21100,nkattoob,https://api.intra.42.fr/v2/users/nkattoob
609,21099,tthit,https://api.intra.42.fr/v2/users/tthit
610,21098,rtorres-,https://api.intra.42.fr/v2/users/rtorres-
611,21097,lbrown,https://api.intra.42.fr/v2/users/lbrown
612,21096,tinguyen,https://api.intra.42.fr/v2/users/tinguyen
613,21095,mducklow,https://api.intra.42.fr/v2/users/mducklow
614,21094,xfang,https://api.intra.42.fr/v2/users/xfang
615,21093,ctruong,https://api.intra.42.fr/v2/users/ctruong
616,21092,ctarello,https://api.intra.42.fr/v2/users/ctarello
617,21091,kcholak,https://api.intra.42.fr/v2/users/kcholak
618,21090,dye,https://api.intra.42.fr/v2/users/dye
619,21089,sokerie,https://api.intra.42.fr/v2/users/sokerie
620,21088,csummers,https://api.intra.42.fr/v2/users/csummers
621,21087,jferguso,https://api.intra.42.fr/v2/users/jferguso
622,21086,jeuceda,https://api.intra.42.fr/v2/users/jeuceda
623,21085,pgordon,https://api.intra.42.fr/v2/users/pgordon
624,21084,yfan,https://api.intra.42.fr/v2/users/yfan
625,21083,obelange,https://api.intra.42.fr/v2/users/obelange
626,21082,ksingh,https://api.intra.42.fr/v2/users/ksingh
627,21081,jbeavers,https://api.intra.42.fr/v2/users/jbeavers
628,21080,shzhang,https://api.intra.42.fr/v2/users/shzhang
629,21079,atsiopan,https://api.intra.42.fr/v2/users/atsiopan
630,21078,ywang,https://api.intra.42.fr/v2/users/ywang
631,21077,jriquier,https://api.intra.42.fr/v2/users/jriquier
632,21076,jnederlo,https://api.intra.42.fr/v2/users/jnederlo
633,21075,skreutzk,https://api.intra.42.fr/v2/users/skreutzk
634,21074,mlangoni,https://api.intra.42.fr/v2/users/mlangoni
635,21073,ishenber,https://api.intra.42.fr/v2/users/ishenber
636,21072,mthurgoo,https://api.intra.42.fr/v2/users/mthurgoo
637,21071,bduraku,https://api.intra.42.fr/v2/users/bduraku
638,21070,vvorugan,https://api.intra.42.fr/v2/users/vvorugan
639,21069,bpatel,https://api.intra.42.fr/v2/users/bpatel
640,21068,ddowty,https://api.intra.42.fr/v2/users/ddowty
641,21067,igallego,https://api.intra.42.fr/v2/users/igallego
642,21066,wdebs,https://api.intra.42.fr/v2/users/wdebs
643,21065,hkunduru,https://api.intra.42.fr/v2/users/hkunduru
644,21064,dherreri,https://api.intra.42.fr/v2/users/dherreri
645,21063,nbut,https://api.intra.42.fr/v2/users/nbut
646,21062,bhinnega,https://api.intra.42.fr/v2/users/bhinnega
647,21061,irhett,https://api.intra.42.fr/v2/users/irhett
648,21060,ebiton,https://api.intra.42.fr/v2/users/ebiton
649,21059,eliu,https://api.intra.42.fr/v2/users/eliu
650,21058,mmastrel,https://api.intra.42.fr/v2/users/mmastrel
651,21057,vtam,https://api.intra.42.fr/v2/users/vtam
652,21056,sberlant,https://api.intra.42.fr/v2/users/sberlant
653,21055,cshields,https://api.intra.42.fr/v2/users/cshields
654,21054,mrojas,https://api.intra.42.fr/v2/users/mrojas
655,21053,apunov,https://api.intra.42.fr/v2/users/apunov
656,21052,egarbar,https://api.intra.42.fr/v2/users/egarbar
657,21051,lmedina,https://api.intra.42.fr/v2/users/lmedina
658,21050,zwitzel,https://api.intra.42.fr/v2/users/zwitzel
659,21049,aquint,https://api.intra.42.fr/v2/users/aquint
660,21048,alam,https://api.intra.42.fr/v2/users/alam
661,21047,jizeng,https://api.intra.42.fr/v2/users/jizeng
662,21046,pvan-erp,https://api.intra.42.fr/v2/users/pvan-erp
663,21045,mbakari-,https://api.intra.42.fr/v2/users/mbakari-
664,21044,vbut,https://api.intra.42.fr/v2/users/vbut
665,21043,illalias,https://api.intra.42.fr/v2/users/illalias
666,21042,ymorya,https://api.intra.42.fr/v2/users/ymorya
667,21041,msharpe,https://api.intra.42.fr/v2/users/msharpe
668,21040,mmalhotr,https://api.intra.42.fr/v2/users/mmalhotr
669,21039,tyearlin,https://api.intra.42.fr/v2/users/tyearlin
670,21038,asingh-m,https://api.intra.42.fr/v2/users/asingh-m
671,21037,vmagneev,https://api.intra.42.fr/v2/users/vmagneev
672,21036,ssmith,https://api.intra.42.fr/v2/users/ssmith
673,21035,jshi,https://api.intra.42.fr/v2/users/jshi
674,21034,tparker,https://api.intra.42.fr/v2/users/tparker
675,21033,rli,https://api.intra.42.fr/v2/users/rli
676,21032,gselbo,https://api.intra.42.fr/v2/users/gselbo
677,21031,rabichou,https://api.intra.42.fr/v2/users/rabichou
678,21030,pstevens,https://api.intra.42.fr/v2/users/pstevens
679,21029,clam,https://api.intra.42.fr/v2/users/clam
680,21028,pchada,https://api.intra.42.fr/v2/users/pchada
681,21027,aguimbao,https://api.intra.42.fr/v2/users/aguimbao
682,21026,jechen,https://api.intra.42.fr/v2/users/jechen
683,21025,myazhbin,https://api.intra.42.fr/v2/users/myazhbin
684,21024,akavalio,https://api.intra.42.fr/v2/users/akavalio
685,21023,igoh,https://api.intra.42.fr/v2/users/igoh
686,21022,bbrady,https://api.intra.42.fr/v2/users/bbrady
687,21021,vyudushk,https://api.intra.42.fr/v2/users/vyudushk
688,21020,jaleman,https://api.intra.42.fr/v2/users/jaleman
689,21019,nmayfiel,https://api.intra.42.fr/v2/users/nmayfiel
690,21018,avongdar,https://api.intra.42.fr/v2/users/avongdar
691,21017,daksiuts,https://api.intra.42.fr/v2/users/daksiuts
692,21016,dnessaiv,https://api.intra.42.fr/v2/users/dnessaiv
693,21015,lhernand,https://api.intra.42.fr/v2/users/lhernand
694,21014,anbarbos,https://api.intra.42.fr/v2/users/anbarbos
695,21013,bpuschel,https://api.intra.42.fr/v2/users/bpuschel
696,21012,tsekula,https://api.intra.42.fr/v2/users/tsekula
697,21011,nazar,https://api.intra.42.fr/v2/users/nazar
698,21010,rnarciso,https://api.intra.42.fr/v2/users/rnarciso
699,21009,lkomarov,https://api.intra.42.fr/v2/users/lkomarov
700,21008,tburgos,https://api.intra.42.fr/v2/users/tburgos
701,21007,scardena,https://api.intra.42.fr/v2/users/scardena
702,21006,ykitahar,https://api.intra.42.fr/v2/users/ykitahar
703,21005,aramon,https://api.intra.42.fr/v2/users/aramon
704,21004,schen,https://api.intra.42.fr/v2/users/schen
705,21003,afranck,https://api.intra.42.fr/v2/users/afranck
706,21002,shicks,https://api.intra.42.fr/v2/users/shicks
707,21001,hsmith,https://api.intra.42.fr/v2/users/hsmith
708,21000,nji,https://api.intra.42.fr/v2/users/nji
709,20999,kyang,https://api.intra.42.fr/v2/users/kyang
710,20998,mrutyna,https://api.intra.42.fr/v2/users/mrutyna
711,20997,xhammer,https://api.intra.42.fr/v2/users/xhammer
712,20996,msafi,https://api.intra.42.fr/v2/users/msafi
713,20995,hvillasa,https://api.intra.42.fr/v2/users/hvillasa
714,20994,eyang,https://api.intra.42.fr/v2/users/eyang
715,20993,imomynov,https://api.intra.42.fr/v2/users/imomynov
716,20992,bslakey,https://api.intra.42.fr/v2/users/bslakey
717,20991,iroth-ro,https://api.intra.42.fr/v2/users/iroth-ro
718,20990,jjia,https://api.intra.42.fr/v2/users/jjia
719,20989,sramesh,https://api.intra.42.fr/v2/users/sramesh
720,20988,mquerou,https://api.intra.42.fr/v2/users/mquerou
721,20987,mhorn,https://api.intra.42.fr/v2/users/mhorn
722,20986,jhan,https://api.intra.42.fr/v2/users/jhan
723,20985,mtajjiou,https://api.intra.42.fr/v2/users/mtajjiou
724,20984,kberrio-,https://api.intra.42.fr/v2/users/kberrio-
725,20983,pvaghela,https://api.intra.42.fr/v2/users/pvaghela
726,20982,jguzman-,https://api.intra.42.fr/v2/users/jguzman-
727,20981,anicolas,https://api.intra.42.fr/v2/users/anicolas
728,20980,jcarmona,https://api.intra.42.fr/v2/users/jcarmona
729,20979,jaemkim,https://api.intra.42.fr/v2/users/jaemkim
730,20978,mhamu-ve,https://api.intra.42.fr/v2/users/mhamu-ve
731,20977,eerdeneb,https://api.intra.42.fr/v2/users/eerdeneb
732,20976,crenfrow,https://api.intra.42.fr/v2/users/crenfrow
733,20975,mportela,https://api.intra.42.fr/v2/users/mportela
734,20974,ezubiaga,https://api.intra.42.fr/v2/users/ezubiaga
735,20973,asharma,https://api.intra.42.fr/v2/users/asharma
736,20972,pqiu,https://api.intra.42.fr/v2/users/pqiu
737,20971,akeever,https://api.intra.42.fr/v2/users/akeever
738,20970,dosulliv,https://api.intra.42.fr/v2/users/dosulliv
739,20969,gli,https://api.intra.42.fr/v2/users/gli
740,20968,aibrahim,https://api.intra.42.fr/v2/users/aibrahim
741,20967,ooscar-s,https://api.intra.42.fr/v2/users/ooscar-s
742,20966,vmitta,https://api.intra.42.fr/v2/users/vmitta
743,20965,whickey,https://api.intra.42.fr/v2/users/whickey
744,20964,bdobrec,https://api.intra.42.fr/v2/users/bdobrec
745,20963,epopa,https://api.intra.42.fr/v2/users/epopa
746,20962,owarren,https://api.intra.42.fr/v2/users/owarren
747,20961,mwright,https://api.intra.42.fr/v2/users/mwright
748,20960,dnelson,https://api.intra.42.fr/v2/users/dnelson
749,20959,abhusal,https://api.intra.42.fr/v2/users/abhusal
750,20958,rmontene,https://api.intra.42.fr/v2/users/rmontene
751,20957,alchen,https://api.intra.42.fr/v2/users/alchen
752,20956,rstouder,https://api.intra.42.fr/v2/users/rstouder
753,20955,dgay,https://api.intra.42.fr/v2/users/dgay
754,20954,lgaetano,https://api.intra.42.fr/v2/users/lgaetano
755,20953,jwashing,https://api.intra.42.fr/v2/users/jwashing
756,20952,anieto,https://api.intra.42.fr/v2/users/anieto
757,20951,famartin,https://api.intra.42.fr/v2/users/famartin
758,20950,rmanese,https://api.intra.42.fr/v2/users/rmanese
759,20949,cchase,https://api.intra.42.fr/v2/users/cchase
760,20948,gsamora,https://api.intra.42.fr/v2/users/gsamora
761,20947,smifsud,https://api.intra.42.fr/v2/users/smifsud
762,20946,vportell,https://api.intra.42.fr/v2/users/vportell
763,20945,ssoliven,https://api.intra.42.fr/v2/users/ssoliven
764,20944,mdevine,https://api.intra.42.fr/v2/users/mdevine
765,20943,schoque,https://api.intra.42.fr/v2/users/schoque
766,20942,jsauza,https://api.intra.42.fr/v2/users/jsauza
767,20941,bcampbel,https://api.intra.42.fr/v2/users/bcampbel
768,20940,elee,https://api.intra.42.fr/v2/users/elee
769,20939,pto,https://api.intra.42.fr/v2/users/pto
770,20938,nvillega,https://api.intra.42.fr/v2/users/nvillega
771,20937,twu,https://api.intra.42.fr/v2/users/twu
772,20936,achi,https://api.intra.42.fr/v2/users/achi
773,20935,bstorck,https://api.intra.42.fr/v2/users/bstorck
774,20934,caleaga,https://api.intra.42.fr/v2/users/caleaga
775,20933,pmoran,https://api.intra.42.fr/v2/users/pmoran
776,20932,jsypkens,https://api.intra.42.fr/v2/users/jsypkens
777,20931,gkonushe,https://api.intra.42.fr/v2/users/gkonushe
778,20930,reasaw,https://api.intra.42.fr/v2/users/reasaw
779,20929,csandjon,https://api.intra.42.fr/v2/users/csandjon
780,20928,dbanifat,https://api.intra.42.fr/v2/users/dbanifat
781,20927,kyork,https://api.intra.42.fr/v2/users/kyork
782,20926,ameckel,https://api.intra.42.fr/v2/users/ameckel
783,20925,cramirez,https://api.intra.42.fr/v2/users/cramirez
784,20924,amgohar,https://api.intra.42.fr/v2/users/amgohar
785,20923,jamie,https://api.intra.42.fr/v2/users/jamie
786,20896,schibi,https://api.intra.42.fr/v2/users/schibi
787,19824,bruno,https://api.intra.42.fr/v2/users/bruno
788,19823,legoduclubmed,https://api.intra.42.fr/v2/users/legoduclubmed
789,19822,morgane,https://api.intra.42.fr/v2/users/morgane
790,19821,abercrombie,https://api.intra.42.fr/v2/users/abercrombie
791,19820,antho,https://api.intra.42.fr/v2/users/antho
792,19819,riton,https://api.intra.42.fr/v2/users/riton
793,19818,alain,https://api.intra.42.fr/v2/users/alain
794,19817,smao,https://api.intra.42.fr/v2/users/smao
795,19816,mabrun,https://api.intra.42.fr/v2/users/mabrun
796,19815,anasir,https://api.intra.42.fr/v2/users/anasir
797,19814,lhurt,https://api.intra.42.fr/v2/users/lhurt
798,19813,sgrabove,https://api.intra.42.fr/v2/users/sgrabove
799,19812,rblackbu,https://api.intra.42.fr/v2/users/rblackbu
800,19811,mrichter,https://api.intra.42.fr/v2/users/mrichter
801,19810,karvin,https://api.intra.42.fr/v2/users/karvin
802,19809,dyerusha,https://api.intra.42.fr/v2/users/dyerusha
803,19808,smallapu,https://api.intra.42.fr/v2/users/smallapu
804,19807,jmoore,https://api.intra.42.fr/v2/users/jmoore
805,19806,tmac-man,https://api.intra.42.fr/v2/users/tmac-man
806,19805,mkarimov,https://api.intra.42.fr/v2/users/mkarimov
807,19804,cllevail,https://api.intra.42.fr/v2/users/cllevail
808,19803,asolis,https://api.intra.42.fr/v2/users/asolis
809,19802,yzhang,https://api.intra.42.fr/v2/users/yzhang
810,19801,mdenis,https://api.intra.42.fr/v2/users/mdenis
811,19800,lweinste,https://api.intra.42.fr/v2/users/lweinste
812,19799,kdrumm,https://api.intra.42.fr/v2/users/kdrumm
813,19798,nfrattar,https://api.intra.42.fr/v2/users/nfrattar
814,19797,aeshragh,https://api.intra.42.fr/v2/users/aeshragh
815,19796,zbeasley,https://api.intra.42.fr/v2/users/zbeasley
816,19795,amilian,https://api.intra.42.fr/v2/users/amilian
817,19794,adel-ros,https://api.intra.42.fr/v2/users/adel-ros
818,19793,bschroed,https://api.intra.42.fr/v2/users/bschroed
819,19792,atruong,https://api.intra.42.fr/v2/users/atruong
820,19791,gson,https://api.intra.42.fr/v2/users/gson
821,19790,dtse,https://api.intra.42.fr/v2/users/dtse
822,19789,eguajard,https://api.intra.42.fr/v2/users/eguajard
823,19788,nkoutrel,https://api.intra.42.fr/v2/users/nkoutrel
824,19787,rsilva,https://api.intra.42.fr/v2/users/rsilva
825,19786,mkiisa,https://api.intra.42.fr/v2/users/mkiisa
826,19785,jchoi,https://api.intra.42.fr/v2/users/jchoi
827,19784,pmarella,https://api.intra.42.fr/v2/users/pmarella
828,19783,nbybee,https://api.intra.42.fr/v2/users/nbybee
829,19782,mremirez,https://api.intra.42.fr/v2/users/mremirez
830,19781,rromero,https://api.intra.42.fr/v2/users/rromero
831,19780,kcheung,https://api.intra.42.fr/v2/users/kcheung
832,19779,akalmyko,https://api.intra.42.fr/v2/users/akalmyko
833,19778,nbadaeva,https://api.intra.42.fr/v2/users/nbadaeva
834,19777,nweizman,https://api.intra.42.fr/v2/users/nweizman
835,19776,tmahr,https://api.intra.42.fr/v2/users/tmahr
836,19775,dhuang,https://api.intra.42.fr/v2/users/dhuang
837,19774,smatthew,https://api.intra.42.fr/v2/users/smatthew
838,19773,aganesh,https://api.intra.42.fr/v2/users/aganesh
839,19772,afairris,https://api.intra.42.fr/v2/users/afairris
840,19771,wfung,https://api.intra.42.fr/v2/users/wfung
841,19770,dydelgad,https://api.intra.42.fr/v2/users/dydelgad
842,19769,rwilliam,https://api.intra.42.fr/v2/users/rwilliam
843,19768,aahad,https://api.intra.42.fr/v2/users/aahad
844,19767,pkreitz,https://api.intra.42.fr/v2/users/pkreitz
845,19766,yherrera,https://api.intra.42.fr/v2/users/yherrera
846,19765,dmclaugh,https://api.intra.42.fr/v2/users/dmclaugh
847,19764,svernaza,https://api.intra.42.fr/v2/users/svernaza
848,19763,jaekim,https://api.intra.42.fr/v2/users/jaekim
849,19762,dbullock,https://api.intra.42.fr/v2/users/dbullock
850,19761,woliveir,https://api.intra.42.fr/v2/users/woliveir
851,19760,slee,https://api.intra.42.fr/v2/users/slee
852,19759,tbloss,https://api.intra.42.fr/v2/users/tbloss
853,19758,lwang,https://api.intra.42.fr/v2/users/lwang
854,19757,srodrigu,https://api.intra.42.fr/v2/users/srodrigu
855,19756,sqian,https://api.intra.42.fr/v2/users/sqian
856,19755,klouie,https://api.intra.42.fr/v2/users/klouie
857,19754,iwordes,https://api.intra.42.fr/v2/users/iwordes
858,19753,ddelgado,https://api.intra.42.fr/v2/users/ddelgado
859,19752,dwilson,https://api.intra.42.fr/v2/users/dwilson
860,19751,hlai,https://api.intra.42.fr/v2/users/hlai
861,19750,akowtko,https://api.intra.42.fr/v2/users/akowtko
862,19749,rlevine,https://api.intra.42.fr/v2/users/rlevine
863,19748,sshou,https://api.intra.42.fr/v2/users/sshou
864,19747,sjang,https://api.intra.42.fr/v2/users/sjang
865,19746,ahunt,https://api.intra.42.fr/v2/users/ahunt
866,19745,rmatos,https://api.intra.42.fr/v2/users/rmatos
867,19744,iwithmor,https://api.intra.42.fr/v2/users/iwithmor
868,19743,bherrera,https://api.intra.42.fr/v2/users/bherrera
869,19742,ylu,https://api.intra.42.fr/v2/users/ylu
870,19741,jakim,https://api.intra.42.fr/v2/users/jakim
871,19740,vpetrush,https://api.intra.42.fr/v2/users/vpetrush
872,19739,hczuba,https://api.intra.42.fr/v2/users/hczuba
873,19738,kvo,https://api.intra.42.fr/v2/users/kvo
874,19737,asun,https://api.intra.42.fr/v2/users/asun
875,19736,lfranco-,https://api.intra.42.fr/v2/users/lfranco-
876,19735,mrobinso,https://api.intra.42.fr/v2/users/mrobinso
877,19734,sutran,https://api.intra.42.fr/v2/users/sutran
878,19733,cdavila,https://api.intra.42.fr/v2/users/cdavila
879,19732,iumez-er,https://api.intra.42.fr/v2/users/iumez-er
880,19731,jmanalo,https://api.intra.42.fr/v2/users/jmanalo
881,19730,swolfe,https://api.intra.42.fr/v2/users/swolfe
882,19729,asosnov,https://api.intra.42.fr/v2/users/asosnov
883,19728,lougueni,https://api.intra.42.fr/v2/users/lougueni
884,19727,dstolz,https://api.intra.42.fr/v2/users/dstolz
885,19726,jberg,https://api.intra.42.fr/v2/users/jberg
886,19725,kzeng,https://api.intra.42.fr/v2/users/kzeng
887,19724,tchen,https://api.intra.42.fr/v2/users/tchen
888,19723,cyildiri,https://api.intra.42.fr/v2/users/cyildiri
889,19722,djudson,https://api.intra.42.fr/v2/users/djudson
890,19721,mhouser,https://api.intra.42.fr/v2/users/mhouser
891,19720,jzeng,https://api.intra.42.fr/v2/users/jzeng
892,19719,mzhong,https://api.intra.42.fr/v2/users/mzhong
893,19718,parambur,https://api.intra.42.fr/v2/users/parambur
894,19717,lgutniko,https://api.intra.42.fr/v2/users/lgutniko
895,19716,cde-carv,https://api.intra.42.fr/v2/users/cde-carv
896,19715,zsmith,https://api.intra.42.fr/v2/users/zsmith
897,19714,qvu,https://api.intra.42.fr/v2/users/qvu
898,19713,treinhar,https://api.intra.42.fr/v2/users/treinhar
899,19712,cfredric,https://api.intra.42.fr/v2/users/cfredric
900,19711,iiliuk,https://api.intra.42.fr/v2/users/iiliuk
901,19710,lnazarov,https://api.intra.42.fr/v2/users/lnazarov
902,19709,chansen,https://api.intra.42.fr/v2/users/chansen
903,19708,nzaker,https://api.intra.42.fr/v2/users/nzaker
904,19707,mli,https://api.intra.42.fr/v2/users/mli
905,19706,jwang,https://api.intra.42.fr/v2/users/jwang
906,19705,wkim,https://api.intra.42.fr/v2/users/wkim
907,19704,aelkin,https://api.intra.42.fr/v2/users/aelkin
908,19703,cyallama,https://api.intra.42.fr/v2/users/cyallama
909,19702,ngantz,https://api.intra.42.fr/v2/users/ngantz
910,19701,mmorel,https://api.intra.42.fr/v2/users/mmorel
911,19700,huspinat,https://api.intra.42.fr/v2/users/huspinat
912,19699,jmurillo,https://api.intra.42.fr/v2/users/jmurillo
913,19698,agertski,https://api.intra.42.fr/v2/users/agertski
914,19697,kdelva,https://api.intra.42.fr/v2/users/kdelva
915,19696,hkalia,https://api.intra.42.fr/v2/users/hkalia
916,19695,yso,https://api.intra.42.fr/v2/users/yso
917,19694,uramage,https://api.intra.42.fr/v2/users/uramage
918,19693,cmeira,https://api.intra.42.fr/v2/users/cmeira
919,19692,ssuriset,https://api.intra.42.fr/v2/users/ssuriset
920,19691,ksaetern,https://api.intra.42.fr/v2/users/ksaetern
921,19690,gblanc,https://api.intra.42.fr/v2/users/gblanc
922,19689,aomnes,https://api.intra.42.fr/v2/users/aomnes
923,19688,jthai,https://api.intra.42.fr/v2/users/jthai
924,19687,ashibata,https://api.intra.42.fr/v2/users/ashibata
925,19686,inuguman,https://api.intra.42.fr/v2/users/inuguman
926,19685,mchicori,https://api.intra.42.fr/v2/users/mchicori
927,19684,psearle,https://api.intra.42.fr/v2/users/psearle
928,19683,ebucheit,https://api.intra.42.fr/v2/users/ebucheit
929,19682,nshuklin,https://api.intra.42.fr/v2/users/nshuklin
930,19681,dbotova,https://api.intra.42.fr/v2/users/dbotova
931,19680,jchang,https://api.intra.42.fr/v2/users/jchang
932,19679,azhuk,https://api.intra.42.fr/v2/users/azhuk
933,19678,egarcia,https://api.intra.42.fr/v2/users/egarcia
934,19677,tharris,https://api.intra.42.fr/v2/users/tharris
935,19676,satkins,https://api.intra.42.fr/v2/users/satkins
936,19675,rpassafa,https://api.intra.42.fr/v2/users/rpassafa
937,19674,rramirez,https://api.intra.42.fr/v2/users/rramirez
938,19673,echeng,https://api.intra.42.fr/v2/users/echeng
939,19672,aheraldo,https://api.intra.42.fr/v2/users/aheraldo
940,19671,laracena,https://api.intra.42.fr/v2/users/laracena
941,19670,bmcfarla,https://api.intra.42.fr/v2/users/bmcfarla
942,19669,mhurd,https://api.intra.42.fr/v2/users/mhurd
943,19668,wcenk,https://api.intra.42.fr/v2/users/wcenk
944,19667,xbarrett,https://api.intra.42.fr/v2/users/xbarrett
945,19666,dalee,https://api.intra.42.fr/v2/users/dalee
946,19665,dvite-he,https://api.intra.42.fr/v2/users/dvite-he
947,19664,jedavid,https://api.intra.42.fr/v2/users/jedavid
948,19663,rwu,https://api.intra.42.fr/v2/users/rwu
949,19662,lbatioco,https://api.intra.42.fr/v2/users/lbatioco
950,19661,jtrujill,https://api.intra.42.fr/v2/users/jtrujill
951,19660,jcapling,https://api.intra.42.fr/v2/users/jcapling
952,19659,vlieu,https://api.intra.42.fr/v2/users/vlieu
953,19658,nengle-,https://api.intra.42.fr/v2/users/nengle-
954,19657,lnwogu,https://api.intra.42.fr/v2/users/lnwogu
955,19656,kele,https://api.intra.42.fr/v2/users/kele
956,19655,ydang,https://api.intra.42.fr/v2/users/ydang
957,19654,cshi,https://api.intra.42.fr/v2/users/cshi
958,19653,eorbe,https://api.intra.42.fr/v2/users/eorbe
959,19652,vtenigin,https://api.intra.42.fr/v2/users/vtenigin
960,19651,arochett,https://api.intra.42.fr/v2/users/arochett
961,19650,mvogee,https://api.intra.42.fr/v2/users/mvogee
962,19649,jwilliam,https://api.intra.42.fr/v2/users/jwilliam
963,19648,mfriedri,https://api.intra.42.fr/v2/users/mfriedri
964,19647,phoreau,https://api.intra.42.fr/v2/users/phoreau
965,19646,knaralas,https://api.intra.42.fr/v2/users/knaralas
966,19645,mgrimes,https://api.intra.42.fr/v2/users/mgrimes
967,19644,ppatil,https://api.intra.42.fr/v2/users/ppatil
968,19643,esurdam,https://api.intra.42.fr/v2/users/esurdam
969,19642,nnguyen,https://api.intra.42.fr/v2/users/nnguyen
970,19641,rbenitez,https://api.intra.42.fr/v2/users/rbenitez
971,19640,qho,https://api.intra.42.fr/v2/users/qho
972,19639,aarrivo,https://api.intra.42.fr/v2/users/aarrivo
973,19638,esantos,https://api.intra.42.fr/v2/users/esantos
974,19637,fde-los-,https://api.intra.42.fr/v2/users/fde-los-
975,19636,crupeka,https://api.intra.42.fr/v2/users/crupeka
976,19635,ajude,https://api.intra.42.fr/v2/users/ajude
977,19634,rnowell,https://api.intra.42.fr/v2/users/rnowell
978,19633,rkozicki,https://api.intra.42.fr/v2/users/rkozicki
979,19632,hxiong,https://api.intra.42.fr/v2/users/hxiong
980,19631,wasman,https://api.intra.42.fr/v2/users/wasman
981,19630,dhuynh,https://api.intra.42.fr/v2/users/dhuynh
982,19629,varnaud,https://api.intra.42.fr/v2/users/varnaud
983,19628,omokshan,https://api.intra.42.fr/v2/users/omokshan
984,19627,mmcgover,https://api.intra.42.fr/v2/users/mmcgover
985,19626,cbanales,https://api.intra.42.fr/v2/users/cbanales
986,19625,rannahas,https://api.intra.42.fr/v2/users/rannahas
987,19624,kdavis,https://api.intra.42.fr/v2/users/kdavis
988,19623,pswanson,https://api.intra.42.fr/v2/users/pswanson
989,19622,dsantacr,https://api.intra.42.fr/v2/users/dsantacr
990,19621,ecarrasc,https://api.intra.42.fr/v2/users/ecarrasc
991,19620,kialvare,https://api.intra.42.fr/v2/users/kialvare
992,19619,mfernand,https://api.intra.42.fr/v2/users/mfernand
993,19618,gaetjuvi,https://api.intra.42.fr/v2/users/gaetjuvi
994,19617,paeyrac,https://api.intra.42.fr/v2/users/paeyrac
995,19616,cupcake,https://api.intra.42.fr/v2/users/cupcake
996,19615,kevin,https://api.intra.42.fr/v2/users/kevin
997,19614,maelle,https://api.intra.42.fr/v2/users/maelle
998,18689,clevaill,https://api.intra.42.fr/v2/users/clevaill
999,18676,peyrac,https://api.intra.42.fr/v2/users/peyrac
1000,18511,adentusa,https://api.intra.42.fr/v2/users/adentusa
1001,18510,max,https://api.intra.42.fr/v2/users/max
1002,16921,mconnat,https://api.intra.42.fr/v2/users/mconnat
1003,16659,mpaincha,https://api.intra.42.fr/v2/users/mpaincha
1004,12765,tfleming,https://api.intra.42.fr/v2/users/tfleming
1005,11411,cducaffy,https://api.intra.42.fr/v2/users/cducaffy
1006,11163,mbooth,https://api.intra.42.fr/v2/users/mbooth
1007,125,qubi,https://api.intra.42.fr/v2/users/qubi
1008,118,lou,https://api.intra.42.fr/v2/users/lou
1009,34,loki,https://api.intra.42.fr/v2/users/loki
1010,23,30_1,https://api.intra.42.fr/v2/users/30_1
1011,21,gaetan,https://api.intra.42.fr/v2/users/gaetan
1012,17,kwame,https://api.intra.42.fr/v2/users/kwame
